City_ID,City,Country,Date,Lat,Lng,Max Temp,Humidity,Cloudiness,Wind Speed
0,Egvekinot,RU,2022-12-08 02:05:37,66.3167,-179.1667,-16.44,94,44,3.85
1,Kavieng,PG,2022-12-08 02:05:59,-2.5744,150.7967,83.28,70,100,5.37
2,Hermanus,ZA,2022-12-08 02:05:59,-34.4187,19.2345,61.81,89,100,9.66
3,Sorland,NO,2022-12-08 02:05:59,67.667,12.6934,37.26,58,97,19.22
4,Avarua,CK,2022-12-08 02:06:00,-21.2078,-159.775,82.45,74,40,9.22
5,Hobart,AU,2022-12-08 02:02:34,-42.8794,147.3294,55.26,54,75,19.57
6,Lebu,CL,2022-12-08 02:02:45,-37.6167,-73.65,60.24,98,100,12.17
7,Vaini,TO,2022-12-08 02:06:00,-21.2,-175.2,84.36,84,75,4.61
8,Burnie,AU,2022-12-08 02:06:01,-41.0667,145.9167,56.95,41,37,17.54
9,New Norfolk,AU,2022-12-08 02:06:01,-42.7826,147.0587,54.9,50,58,4.0
10,Ushuaia,AR,2022-12-08 02:02:25,-54.8,-68.3,34.11,89,10,2.21
11,Albany,US,2022-12-08 02:02:55,42.6001,-73.9662,52.57,87,100,5.99
12,Zhigansk,RU,2022-12-08 02:06:02,66.7697,123.3711,-29.02,95,93,6.87
13,Mar Del Plata,AR,2022-12-08 02:01:43,-38.0023,-57.5575,75.22,60,75,18.41
14,Kirakira,SB,2022-12-08 02:06:03,-10.4544,161.9205,84.43,72,96,5.01
15,Beringovskiy,RU,2022-12-08 02:06:03,63.05,179.3167,7.16,85,3,5.3
16,Sao Joao Da Barra,BR,2022-12-08 02:03:37,-21.6403,-41.0511,72.41,94,100,9.31
17,Brae,GB,2022-12-08 02:06:04,60.3964,-1.353,41.02,70,99,30.2
18,Butaritari,KI,2022-12-08 02:06:04,3.0707,172.7902,80.58,79,96,13.06
19,Guerrero Negro,MX,2022-12-08 02:02:35,27.9769,-114.0611,61.34,69,0,13.87
20,Portobelo,PA,2022-12-08 02:06:05,9.55,-79.65,76.05,80,29,12.73
21,Makakilo City,US,2022-12-08 02:01:18,21.3469,-158.0858,78.55,71,75,12.66
22,Punta Arenas,CL,2022-12-08 02:02:58,-53.15,-70.9167,42.12,71,98,10.2
23,Bredasdorp,ZA,2022-12-08 02:02:42,-34.5322,20.0403,60.21,92,92,4.07
24,Rikitea,PF,2022-12-08 02:04:24,-23.1203,-134.9692,75.67,80,6,19.04
25,North Bend,US,2022-12-08 02:06:06,43.4065,-124.2243,47.16,92,100,10.36
26,Atuona,PF,2022-12-08 02:01:32,-9.8,-139.0333,78.33,73,18,17.47
27,Airai,TL,2022-12-08 02:05:27,-8.9266,125.4092,76.42,39,99,2.46
28,Haines Junction,CA,2022-12-08 02:06:07,60.7522,-137.5108,16.52,97,99,1.39
29,Santa Rosa,PH,2022-12-08 02:06:07,14.3122,121.1114,88.09,72,100,8.28
30,Calama,CL,2022-12-08 02:06:07,-22.4667,-68.9333,61.29,16,75,6.91
31,Caravelas,BR,2022-12-08 02:06:08,-17.7125,-39.2481,73.83,96,100,4.34
32,Victoria,HK,2022-12-08 02:01:11,22.2855,114.1577,69.24,77,13,4.0
33,Norman Wells,CA,2022-12-08 02:04:56,65.282,-126.8329,-19.98,86,90,7.52
34,Chapais,CA,2022-12-08 02:06:08,49.7834,-74.8492,24.58,93,100,8.5
35,Jamestown,US,2022-12-08 02:05:53,42.097,-79.2353,43.02,78,100,5.75
36,Abha,SA,2022-12-08 02:06:09,18.2164,42.5053,52.05,87,4,6.91
37,Fortuna,US,2022-12-08 02:05:24,40.5982,-124.1573,48.65,86,100,3.44
38,Busselton,AU,2022-12-08 02:06:09,-33.65,115.3333,71.85,56,0,9.33
39,Bequimao,BR,2022-12-08 02:06:10,-2.4489,-44.7825,74.61,91,6,1.83
40,Srednekolymsk,RU,2022-12-08 02:06:10,67.45,153.6833,-44.07,100,56,1.28
41,Nanortalik,GL,2022-12-08 02:06:10,60.1432,-45.2371,25.95,75,93,4.47
42,Praia,CV,2022-12-08 02:05:08,14.9215,-23.5087,74.16,81,51,8.43
43,Kapaa,US,2022-12-08 02:04:54,22.0752,-159.319,82.38,80,75,17.27
44,Chernyshevskiy,RU,2022-12-08 02:06:11,63.0128,112.4714,-6.32,99,100,2.57
45,Nalut,LY,2022-12-08 02:06:11,30.3333,10.85,58.44,33,100,3.96
46,Rovaniemi,FI,2022-12-08 02:06:12,66.5,25.7167,13.41,92,0,10.36
47,Barrow,US,2022-12-08 02:05:25,71.2906,-156.7887,14.02,85,100,17.27
48,Kumluca,TR,2022-12-08 02:07:12,36.3703,30.2869,57.56,73,39,5.3
49,Katsuura,JP,2022-12-08 02:07:13,35.1333,140.3,56.14,56,0,1.83
50,Ketchikan,US,2022-12-08 02:07:14,55.3422,-131.6461,44.58,87,100,21.85
51,Mount Isa,AU,2022-12-08 02:07:14,-20.7333,139.5,101.97,15,6,5.75
52,Vila Franca Do Campo,PT,2022-12-08 02:07:15,37.7167,-25.4333,57.61,84,52,13.29
53,Redlands,US,2022-12-08 02:04:11,34.0556,-117.1825,54.34,66,20,6.91
54,Santa Maria,BR,2022-12-08 02:07:15,-29.6842,-53.8069,69.94,59,12,8.57
55,Prince Rupert,CA,2022-12-08 02:07:16,54.3161,-130.3201,38.35,90,100,11.5
56,Cidreira,BR,2022-12-08 02:03:53,-30.1811,-50.2056,69.87,92,5,9.53
57,Bengkulu,ID,2022-12-08 02:05:21,-3.8004,102.2655,80.46,75,88,3.2
58,Wanning,CN,2022-12-08 02:07:17,18.8003,110.3967,72.07,84,98,9.78
59,Severo-Yeniseyskiy,RU,2022-12-08 02:07:17,60.3725,93.0408,2.26,92,100,11.99
60,Bethel,US,2022-12-08 02:04:50,41.3712,-73.414,57.2,89,100,8.05
61,Lasa,IT,2022-12-08 02:07:18,46.6166,10.7002,26.02,89,33,1.72
62,Mataura,NZ,2022-12-08 02:04:45,-46.1927,168.8643,71.8,48,100,3.38
63,Muzhi,RU,2022-12-08 02:07:18,65.3667,64.6667,11.34,88,100,7.27
64,Itoman,JP,2022-12-08 02:04:11,26.1247,127.6694,75.22,57,40,20.71
65,Asuncion,PY,2022-12-08 02:05:40,-25.3007,-57.6359,87.24,62,0,4.61
66,Yulara,AU,2022-12-08 02:07:20,-25.2406,130.9889,91.92,17,8,18.9
67,Port Blair,IN,2022-12-08 02:07:20,11.6667,92.75,80.37,80,45,7.43
68,Nhulunbuy,AU,2022-12-08 02:07:20,-12.2333,136.7667,92.01,49,20,5.75
69,Nikolskoye,RU,2022-12-08 02:07:21,59.7035,30.7861,24.69,89,100,12.41
70,Soller,ES,2022-12-08 02:07:21,39.7662,2.7152,56.35,96,11,1.99
71,Malibu,US,2022-12-08 02:02:43,34.005,-118.8101,57.09,83,0,6.76
72,Pontes E Lacerda,BR,2022-12-08 02:07:22,-15.2261,-59.3353,74.35,85,98,3.0
73,Chuy,UY,2022-12-08 02:02:43,-33.6971,-53.4616,65.14,93,11,9.98
74,San Patricio,US,2022-12-08 02:07:22,28.017,-97.5169,75.07,89,0,13.09
75,Punakha,BT,2022-12-08 02:07:23,27.5837,89.8598,58.03,56,8,0.36
76,Port Alfred,ZA,2022-12-08 02:04:44,-33.5906,26.891,68.18,94,100,1.99
77,Hun,LY,2022-12-08 02:07:23,29.1268,15.9477,64.38,31,100,7.14
78,Arraial Do Cabo,BR,2022-12-08 02:07:24,-22.9661,-42.0278,73.58,91,0,12.62
79,Bonfim,BR,2022-12-08 02:07:24,3.0833,-59.95,77.63,82,100,2.17
80,Montepuez,MZ,2022-12-08 02:07:24,-13.1256,38.9997,68.2,98,58,2.17
81,Takoradi,GH,2022-12-08 02:07:25,4.8845,-1.7554,78.3,88,33,6.17
82,Presidencia Roque Saenz Pena,AR,2022-12-08 02:07:25,-26.7852,-60.4388,85.1,36,20,8.28
83,Kahului,US,2022-12-08 02:07:25,20.8947,-156.47,78.84,70,20,26.46
84,Tra Vinh,VN,2022-12-08 02:07:26,9.9347,106.3453,79.88,82,100,6.85
85,Koratla,IN,2022-12-08 02:07:27,18.8167,78.7167,59.92,45,98,3.44
86,Clyde River,CA,2022-12-08 02:03:56,70.4692,-68.5914,-3.95,76,31,4.94
87,Asau,RO,2022-12-08 02:07:27,46.4333,26.4,36.52,89,100,4.92
88,Atar,MR,2022-12-08 02:07:28,20.5169,-13.0499,76.15,36,99,2.73
89,Bathsheba,BB,2022-12-08 02:07:28,13.2167,-59.5167,77.05,87,20,6.91
90,Qaanaaq,GL,2022-12-08 02:07:28,77.484,-69.3632,14.38,74,100,3.18
91,Castro,BR,2022-12-08 02:07:29,-24.7911,-50.0119,64.04,99,21,5.95
92,Grindavik,IS,2022-12-08 02:07:29,63.8424,-22.4338,28.87,74,40,6.91
93,Acapulco,MX,2022-12-08 02:08:30,16.8634,-99.8901,80.42,78,0,3.44
94,Kwinana,AU,2022-12-08 02:08:30,-32.25,115.7667,78.15,65,0,11.23
95,Tura,IN,2022-12-08 02:08:30,25.5198,90.2201,64.58,77,39,1.77
96,Corinth,GR,2022-12-08 02:08:31,37.9407,22.9573,54.9,89,15,2.73
97,Leningradskiy,RU,2022-12-08 02:08:31,69.3833,178.4167,-12.3,100,98,5.06
98,Upernavik,GL,2022-12-08 02:05:51,72.7868,-56.1549,24.64,72,100,17.65
99,Solnechnyy,RU,2022-12-08 02:08:31,50.7214,136.6319,9.55,57,8,3.18
100,Vardo,NO,2022-12-08 02:07:24,70.3705,31.1107,35.58,75,100,25.32
101,Ternate,ID,2022-12-08 02:08:32,0.8,127.4,83.12,71,91,6.42
102,Constitucion,CL,2022-12-08 02:08:32,-35.3333,-72.4167,58.53,93,11,4.34
103,Homer,US,2022-12-08 02:05:57,59.6425,-151.5483,35.47,48,0,14.97
104,Boa Vista,BR,2022-12-08 02:08:33,2.8197,-60.6733,75.18,88,75,2.3
105,Teya,RU,2022-12-08 02:08:33,60.3778,92.6267,5.88,90,100,10.45
106,Yellowknife,CA,2022-12-08 02:08:34,62.456,-114.3525,-21.44,74,25,5.01
107,East London,ZA,2022-12-08 02:08:34,-33.0153,27.9116,70.09,82,100,11.3
108,Balabac,PH,2022-12-08 02:08:34,7.9868,117.0645,82.89,75,70,15.21
109,Saint-Augustin,CA,2022-12-08 02:08:35,51.226,-58.6502,31.42,93,100,5.03
110,Hilo,US,2022-12-08 02:08:35,19.7297,-155.09,77.29,83,75,9.22
111,Pacific Grove,US,2022-12-08 02:07:27,36.6177,-121.9166,51.48,84,0,4.61
112,Bharatpur,IN,2022-12-08 02:08:36,27.2167,77.4833,56.19,38,0,3.8
113,Chincha Alta,PE,2022-12-08 02:08:36,-13.4099,-76.1323,64.99,88,100,2.55
114,Ola,RU,2022-12-08 02:08:36,59.5833,151.2833,5.04,92,100,4.97
115,Najran,SA,2022-12-08 02:08:37,17.4924,44.1277,58.19,37,0,1.28
116,Qasigiannguit,GL,2022-12-08 02:08:37,68.8193,-51.1922,34.05,80,100,7.54
117,Sinnamary,GF,2022-12-08 02:08:37,5.3833,-52.95,77.88,88,100,9.24
118,Tuktoyaktuk,CA,2022-12-08 02:08:38,69.4541,-133.0374,-18.42,94,94,11.36
119,Georgetown,MY,2022-12-08 02:08:38,5.4112,100.3354,84.13,76,20,5.75
120,Semey,KZ,2022-12-08 02:05:40,50.4111,80.2275,-23.58,76,6,6.71
121,Kieta,PG,2022-12-08 02:08:39,-6.2167,155.6333,83.89,72,100,5.01
122,Thompson,CA,2022-12-08 02:08:39,55.7435,-97.8558,-7.24,97,100,8.01
123,Enterprise,US,2022-12-08 02:07:08,36.0252,-115.2419,50.22,47,20,5.75
124,San Cristobal,VE,2022-12-08 02:08:39,7.7669,-72.225,66.38,95,73,2.82
125,Mahebourg,MU,2022-12-08 02:06:27,-20.4081,57.7,76.24,81,32,19.3
126,Khatanga,RU,2022-12-08 02:08:40,71.9667,102.5,-28.91,89,15,8.72
127,Melilla,ES,2022-12-08 02:08:41,35.2937,-2.9383,55.78,88,0,1.14
128,Souillac,MU,2022-12-08 02:08:41,-20.5167,57.5167,75.97,82,41,18.03
129,Voznesenye,RU,2022-12-08 02:08:41,61.0106,35.4781,19.6,82,100,13.29
130,Aksu,CN,2022-12-08 02:08:42,41.1231,80.2644,25.65,41,100,3.89
131,Borskoye,RU,2022-12-08 02:08:42,53.0333,51.7167,-0.13,96,8,3.38
132,Cape Town,ZA,2022-12-08 02:04:38,-33.9258,18.4232,69.39,72,99,10.0
133,Mindelo,CV,2022-12-08 02:08:42,16.8901,-24.9804,71.26,77,14,10.8
134,Thinadhoo,MV,2022-12-08 02:08:43,0.5333,72.9333,82.44,76,100,18.25
135,Pevek,RU,2022-12-08 02:08:43,69.7008,170.3133,-10.43,97,95,2.01
136,Vao,NC,2022-12-08 02:08:43,-22.6667,167.4833,76.64,81,78,7.99
137,Te Anau,NZ,2022-12-08 02:05:10,-45.4167,167.7167,55.54,96,100,3.13
138,Hambantota,LK,2022-12-08 02:08:44,6.1241,81.1185,80.94,54,20,14.97
139,Orodara,BF,2022-12-08 02:08:44,10.9492,-4.9342,71.76,23,0,5.06
140,Saint-Philippe,RE,2022-12-08 02:09:45,-21.3585,55.7679,74.79,87,43,13.49
141,Provideniya,RU,2022-12-08 02:09:45,64.3833,-173.3,21.36,63,100,11.01
142,Aykhal,RU,2022-12-08 02:06:39,66.0,111.5,-29.51,100,96,4.23
143,Inirida,CO,2022-12-08 02:09:46,3.8653,-67.9239,72.81,96,100,1.39
144,Okhotsk,RU,2022-12-08 02:09:46,59.3833,143.3,-16.47,88,78,8.63
145,Dikson,RU,2022-12-08 02:06:30,73.5069,80.5464,-13.99,97,98,18.52
146,Luderitz,NA,2022-12-08 02:09:46,-26.6481,15.1594,57.87,76,0,7.23
147,Hamilton,US,2022-12-08 02:07:08,39.1834,-84.5333,49.98,91,100,8.05
148,Capao Da Canoa,BR,2022-12-08 02:09:47,-29.7456,-50.0097,67.62,87,3,5.82
149,Soyo,AO,2022-12-08 02:09:47,-6.1349,12.3689,77.72,86,100,6.55
150,Verkhnyaya Inta,RU,2022-12-08 02:09:48,65.9811,60.3094,16.21,93,100,20.58
151,Minggang,CN,2022-12-08 02:09:48,32.4586,114.0486,48.99,60,94,1.54
152,Korla,CN,2022-12-08 02:09:48,41.7597,86.1469,22.78,50,98,2.93
153,Malyye Derbety,RU,2022-12-08 02:09:49,47.9547,44.6808,16.03,89,17,12.35
154,Winnemucca,US,2022-12-08 02:09:49,40.973,-117.7357,28.45,86,0,6.91
155,Okha,RU,2022-12-08 02:07:46,53.5739,142.9478,3.16,83,5,13.62
156,Port Elizabeth,ZA,2022-12-08 02:09:50,-33.918,25.5701,70.11,91,47,8.01
157,Saldanha,ZA,2022-12-08 02:09:50,-33.0117,17.9442,62.2,91,35,8.81
158,Tabou,CI,2022-12-08 02:09:50,4.423,-7.3528,77.36,88,53,5.19
159,Coihaique,CL,2022-12-08 02:09:51,-45.5752,-72.0662,54.21,94,100,6.91
160,Altay,CN,2022-12-08 02:09:51,47.8667,88.1167,1.18,89,99,5.59
161,Hopkinsville,US,2022-12-08 02:09:51,36.8656,-87.4886,54.63,100,100,6.24
162,Linxia,CN,2022-12-08 02:09:52,35.6003,103.2064,27.54,56,94,2.21
163,Saskylakh,RU,2022-12-08 02:05:55,71.9167,114.0833,-29.13,100,100,6.29
164,Frome,GB,2022-12-08 02:09:52,51.2283,-2.3221,33.08,95,7,3.65
165,Flinders,AU,2022-12-08 02:07:34,-34.5833,150.8552,73.18,53,4,4.0
166,Balkanabat,TM,2022-12-08 02:09:53,39.5108,54.3671,36.16,54,95,6.6
167,Surt,LY,2022-12-08 02:09:53,31.2089,16.5887,65.71,73,20,17.49
168,Nome,US,2022-12-08 02:09:05,64.5011,-165.4064,15.87,86,0,6.91
169,Kabo,CF,2022-12-08 02:09:54,7.6994,18.629,69.12,28,100,3.94
170,Barkhan,PK,2022-12-08 02:09:54,29.8977,69.5256,51.55,39,52,2.33
171,Coahuayana,MX,2022-12-08 02:09:54,18.7333,-103.6833,75.07,93,23,1.14
172,Tomatlan,MX,2022-12-08 02:09:55,19.9333,-105.25,71.82,94,0,1.63
173,Hithadhoo,MV,2022-12-08 02:09:55,-0.6,73.0833,81.16,76,100,16.55
174,Meadow Lake,US,2022-12-08 02:09:56,34.8014,-106.5436,51.12,67,97,4.59
175,Pizarro,CO,2022-12-08 02:09:56,4.9533,-77.366,75.24,89,7,4.5
176,Puerto Ayora,EC,2022-12-08 02:09:56,-0.7393,-90.3518,70.56,94,16,3.0
177,Tromso,NO,2022-12-08 02:06:29,69.6496,18.957,32.02,64,100,11.5
178,Waipawa,NZ,2022-12-08 02:09:57,-41.4122,175.5153,65.21,51,100,15.95
179,Bluff,NZ,2022-12-08 02:09:57,-46.6,168.3333,64.18,64,100,4.27
180,Orchard Homes,US,2022-12-08 02:09:57,46.8633,-114.0484,24.94,74,0,0.0
181,Saint-Louis,SN,2022-12-08 02:09:58,16.3333,-15.0,80.44,36,5,12.21
182,Nantucket,US,2022-12-08 02:09:58,41.2835,-70.0995,57.34,95,100,21.81
183,Sabang,ID,2022-12-08 02:09:59,5.8933,95.3214,81.27,71,100,4.9
184,Esperance,AU,2022-12-08 02:09:59,-33.8667,121.9,70.32,58,85,17.58
185,Whitehorse,CA,2022-12-08 02:05:31,60.7161,-135.0538,23.09,96,99,5.21
186,Broken Hill,AU,2022-12-08 02:09:59,-31.95,141.4333,66.54,21,0,18.12
187,Lavrentiya,RU,2022-12-08 02:10:00,65.5833,-171.0,12.13,90,28,7.29
188,Hoopstad,ZA,2022-12-08 02:11:00,-27.8327,25.9083,66.22,68,100,3.6
189,Mundo Nuevo,MX,2022-12-08 02:11:01,18.7,-95.5,75.04,86,0,12.33
190,Coquimbo,CL,2022-12-08 02:11:01,-29.9533,-71.3436,58.73,100,0,9.22
191,Khandbari,NP,2022-12-08 02:11:01,27.3747,87.2039,58.42,59,0,2.19
192,Broome,US,2022-12-08 02:11:02,42.2506,-75.833,49.01,90,100,9.22
193,Alamosa,US,2022-12-08 02:11:02,37.4695,-105.87,33.78,86,100,14.97
194,Acari,PE,2022-12-08 02:11:02,-15.4311,-74.6158,70.27,79,99,3.11
195,Longyearbyen,SJ,2022-12-08 02:11:03,78.2186,15.6401,21.04,68,75,12.66
196,Sur,OM,2022-12-08 02:11:03,22.5667,59.5289,70.93,57,0,4.52
197,Mehamn,NO,2022-12-08 02:11:03,71.0357,27.8492,35.51,75,100,19.57
198,Xacmaz,AZ,2022-12-08 02:11:04,41.4635,48.806,38.64,93,100,5.93
199,Bulatukan,PH,2022-12-08 02:11:04,6.9025,125.1608,79.12,78,96,1.97
200,Guiratinga,BR,2022-12-08 02:11:05,-16.3494,-53.7583,75.31,70,100,2.89
201,Wajir,KE,2022-12-08 02:11:05,1.7471,40.0573,77.04,75,57,14.97
202,Minot,US,2022-12-08 02:10:00,48.2325,-101.2963,8.82,72,0,6.91
203,Cheney,US,2022-12-08 02:10:42,47.4874,-117.5758,28.42,93,100,5.75
204,Tsumeb,NA,2022-12-08 02:11:06,-19.2333,17.7167,70.0,18,12,9.51
205,Pokrovsk,UA,2022-12-08 02:11:06,48.282,37.1758,25.47,87,100,11.9
206,Kendari,ID,2022-12-08 02:11:06,-3.945,122.4989,87.44,59,8,0.36
207,Ucluelet,CA,2022-12-08 02:11:07,48.9329,-125.5528,43.09,92,100,5.01
208,Aklavik,CA,2022-12-08 02:10:12,68.2191,-135.0107,-19.41,85,40,10.42
209,Manokwari,ID,2022-12-08 02:11:07,-0.8667,134.0833,82.69,72,87,7.7
210,Songkhla,TH,2022-12-08 02:11:08,6.8333,100.6667,78.85,95,100,8.03
211,Sabha,LY,2022-12-08 02:11:08,27.0377,14.4283,66.29,23,90,8.63
212,Lata,PT,2022-12-08 02:09:44,40.1629,-8.3327,54.07,92,100,7.4
213,Pasan,IN,2022-12-08 02:11:09,22.85,82.2,51.24,50,100,2.59
214,Niquelandia,BR,2022-12-08 02:11:09,-14.4739,-48.4597,72.28,84,34,1.52
215,Tiksi,RU,2022-12-08 02:11:09,71.6872,128.8694,-6.88,98,100,11.99
216,Padang,ID,2022-12-08 02:11:10,-0.9492,100.3543,77.05,81,100,2.01
217,Beisfjord,NO,2022-12-08 02:11:10,68.3751,17.5988,28.45,89,26,8.93
218,Cockburn Town,TC,2022-12-08 02:10:56,21.4612,-71.1419,78.04,60,0,17.85
219,Tecoanapa,MX,2022-12-08 02:11:11,16.5167,-98.75,78.01,81,0,6.11
220,Campo Maior,BR,2022-12-08 02:11:11,-4.8278,-42.1686,80.04,44,59,5.44
221,Labuhan,ID,2022-12-08 02:11:11,-6.8844,112.2051,84.4,69,94,3.71
222,Turukhansk,RU,2022-12-08 02:11:12,65.8167,87.9833,5.32,95,100,16.49
223,Idrinskoye,RU,2022-12-08 02:11:12,54.3708,92.1358,-7.19,97,100,2.51
224,Emborion,GR,2022-12-08 02:06:26,40.4833,21.55,41.36,94,96,3.02
225,Andenes,NO,2022-12-08 02:11:13,69.3143,16.1194,33.78,64,75,23.02
226,Boddam,GB,2022-12-08 02:11:13,57.4667,-1.7833,37.49,69,100,26.96
227,Bagepalli,IN,2022-12-08 02:11:13,13.7847,77.7931,64.15,65,99,1.81
228,Marmande,FR,2022-12-08 02:11:14,44.5,0.1667,39.51,91,80,3.2
229,Nikaia,GR,2022-12-08 02:10:15,37.9667,23.65,61.56,87,75,0.0
230,Kodiak,US,2022-12-08 02:11:14,57.79,-152.4072,31.51,51,20,29.93
231,Kapit,MY,2022-12-08 02:11:15,2.0167,112.9333,75.09,98,100,0.89
232,Port Augusta,AU,2022-12-08 02:11:15,-32.5,137.7667,70.11,28,0,14.43
233,Saint-Joseph,RE,2022-12-08 02:11:16,-21.3667,55.6167,73.78,83,24,12.59
234,Flagstaff,US,2022-12-08 02:11:16,35.1981,-111.6513,35.53,90,0,4.61
235,Klaksvik,FO,2022-12-08 02:06:19,62.2266,-6.589,32.92,71,100,31.72
236,Vostochnyy,RU,2022-12-08 02:12:16,55.8167,37.8667,17.19,86,100,14.43
237,Panji,ID,2022-12-08 02:12:17,-7.7253,114.0995,87.08,56,99,2.75
238,Talnakh,RU,2022-12-08 02:12:17,69.4865,88.3972,-20.79,100,100,2.82
239,Rio Gallegos,AR,2022-12-08 02:12:18,-51.6226,-69.2181,50.05,76,0,9.22
240,Pavlodar,KZ,2022-12-08 02:12:18,52.3,76.95,-27.6,68,40,2.24
241,San Ignacio,BZ,2022-12-08 02:12:19,17.1561,-89.0714,71.74,94,0,0.0
242,Betare Oya,CM,2022-12-08 02:12:21,5.6,14.0833,64.96,36,70,0.96
243,Salalah,OM,2022-12-08 02:11:01,17.0151,54.0924,73.49,78,20,4.61
244,Ribeira Grande,PT,2022-12-08 02:12:21,38.5167,-28.7,60.78,82,40,11.01
245,Ruteng,ID,2022-12-08 02:12:22,-8.6136,120.4721,75.43,47,73,1.16
246,Bambous Virieux,MU,2022-12-08 02:08:28,-20.3428,57.7575,76.21,81,37,19.01
247,Portland,US,2022-12-08 02:10:04,45.5234,-122.6762,40.41,90,100,5.75
248,Nouadhibou,MR,2022-12-08 02:12:22,20.931,-17.0347,65.95,77,97,10.92
249,Tieli,CN,2022-12-08 02:12:23,46.95,128.05,8.6,85,32,5.28
250,Yining,CN,2022-12-08 02:12:23,29.0361,114.5636,52.29,74,89,1.57
251,Dajal,PK,2022-12-08 02:12:24,29.5577,70.3762,60.21,30,18,2.71
252,Barahona,DO,2022-12-08 02:11:24,18.2085,-71.1008,73.92,69,11,3.67
253,Gamba,GA,2022-12-08 02:12:24,-2.65,10.0,73.35,90,100,7.43
254,Plastun,RU,2022-12-08 02:12:24,44.7561,136.2939,22.17,48,5,10.0
255,Comodoro Rivadavia,AR,2022-12-08 02:12:25,-45.8667,-67.5,66.06,45,0,10.36
256,Prieta,HN,2022-12-08 02:12:25,15.5833,-86.1833,70.48,95,5,1.3
257,Bolobo,CD,2022-12-08 02:12:26,-2.1667,16.2333,68.72,95,100,2.62
258,Lima,PE,2022-12-08 02:08:27,-12.0432,-77.0282,64.65,82,75,12.66
259,Gwadar,PK,2022-12-08 02:12:26,25.1216,62.3254,73.54,61,0,7.23
260,Iqaluit,CA,2022-12-08 02:12:26,63.7506,-68.5145,13.69,85,100,4.0
261,Ovre Ardal,NO,2022-12-08 02:12:27,61.3167,7.8,8.98,99,100,2.04
262,Dawei,MM,2022-12-08 02:12:27,14.0833,98.2,81.82,67,16,7.31
263,Aksay,RU,2022-12-08 02:12:27,47.26,39.87,25.25,62,100,15.99
264,Taoudenni,ML,2022-12-08 02:12:28,22.6783,-3.9836,78.73,14,86,7.92
265,Punta Alta,AR,2022-12-08 02:09:46,-38.8759,-62.0736,72.7,71,0,8.3
266,Ancud,CL,2022-12-08 02:12:28,-41.8697,-73.8203,56.64,89,100,20.71
267,Sabzevar,IR,2022-12-08 02:12:29,36.2126,57.6819,37.29,62,8,3.31
268,Nakskov,DK,2022-12-08 02:12:29,54.8373,11.1284,30.15,69,100,4.5
269,Carnarvon,AU,2022-12-08 02:12:29,-24.8667,113.6333,73.89,59,42,14.0
270,Margate,GB,2022-12-08 02:12:30,51.3813,1.3862,34.7,87,25,1.01
271,Kaitangata,NZ,2022-12-08 02:12:30,-46.2817,169.8464,69.49,50,100,10.36
272,Taicheng,CN,2022-12-08 02:12:30,38.731,113.228,30.72,24,77,2.06
273,Svetlyy,RU,2022-12-08 02:11:18,54.675,20.1347,37.45,83,100,17.18
274,Hofn,IS,2022-12-08 02:12:31,64.2539,-15.2082,26.29,60,0,19.8
275,Kloulklubed,PW,2022-12-08 02:12:31,7.0419,134.2556,79.3,82,100,3.04
276,Bubaque,GW,2022-12-08 02:11:23,11.2833,-15.8333,80.56,72,0,12.35
277,Serenje,ZM,2022-12-08 02:12:32,-13.2325,30.2352,61.61,87,97,4.14
278,Mogadishu,SO,2022-12-08 02:09:42,2.0371,45.3438,79.61,85,76,12.06
279,Kinablangan,PH,2022-12-08 02:12:32,7.6947,126.5503,80.55,81,100,7.23
280,Mandalgovi,MN,2022-12-08 02:11:34,45.7625,106.2708,9.39,50,0,3.94
281,Alboraya,ES,2022-12-08 02:12:33,39.5,-0.35,57.78,91,75,4.61
282,Conway,US,2022-12-08 02:09:35,35.0887,-92.4421,58.87,97,100,6.91
283,Tasiilaq,GL,2022-12-08 02:11:23,65.6145,-37.6368,23.16,68,39,4.21
284,Rio Grande,BR,2022-12-08 02:13:34,-32.035,-52.0986,68.94,90,0,12.08
285,Lagoa,PT,2022-12-08 02:10:22,39.05,-27.9833,59.5,82,61,24.18
286,Manaus,BR,2022-12-08 02:13:34,-3.1019,-60.025,81.09,89,75,2.3
287,Port Keats,AU,2022-12-08 02:13:35,-14.25,129.55,90.0,57,100,9.64
288,Muros,ES,2022-12-08 02:10:14,42.7762,-9.0603,56.68,89,100,12.01
289,Hanmer Springs,NZ,2022-12-08 02:13:35,-42.5167,172.8167,75.25,28,83,1.03
290,Bosconia,CO,2022-12-08 02:13:36,9.9689,-73.8836,72.52,83,5,3.15
291,Viedma,AR,2022-12-08 02:10:27,-40.8135,-62.9967,75.69,37,46,12.08
292,Mountain Home,US,2022-12-08 02:13:36,43.133,-115.6912,24.28,93,0,4.61
293,Ambilobe,MG,2022-12-08 02:13:36,-13.2,49.05,71.56,89,0,2.37
294,Andapa,MG,2022-12-08 02:13:37,-14.65,49.65,64.06,98,4,2.93
295,Hare Bay,CA,2022-12-08 02:13:37,48.8499,-54.0148,35.83,84,100,6.96
296,Algiers,DZ,2022-12-08 02:09:11,36.7525,3.042,46.22,100,20,2.3
297,Playas,EC,2022-12-08 02:13:38,-2.6333,-80.3833,70.36,83,56,11.3
298,Teruel,ES,2022-12-08 02:13:38,40.6667,-0.6667,38.14,85,86,6.85
299,Tignere,CM,2022-12-08 02:13:38,7.3667,12.65,63.36,30,61,2.51
300,Almaznyy,RU,2022-12-08 02:13:39,48.0448,40.045,21.13,90,100,15.95
301,Antofagasta,CL,2022-12-08 02:12:25,-23.65,-70.4,65.48,80,26,2.82
302,Matale,LK,2022-12-08 02:13:39,7.4721,80.6234,68.63,91,100,2.55
303,Matagami,CA,2022-12-08 02:12:53,49.7502,-77.6328,8.17,93,100,8.84
304,Marawi,PH,2022-12-08 02:13:40,7.9986,124.2928,77.16,73,100,3.71
305,Quelimane,MZ,2022-12-08 02:13:40,-17.8786,36.8883,74.37,94,87,3.42
306,Shahreza,IR,2022-12-08 02:13:40,32.0339,51.8794,38.21,72,4,2.42
307,Petrivka,UA,2022-12-08 02:13:41,46.9695,30.9591,41.07,90,100,5.17
308,Ukiah,US,2022-12-08 02:11:29,39.1502,-123.2078,46.44,83,75,1.01
309,Mezhdurechensk,RU,2022-12-08 02:13:41,53.6942,88.0603,-10.26,99,59,2.46
310,Peniche,PT,2022-12-08 02:12:47,39.3558,-9.3811,59.56,90,99,13.02
311,Bani Walid,LY,2022-12-08 02:09:20,31.7566,13.9942,60.51,56,100,8.46
312,Ibra,OM,2022-12-08 02:10:22,22.6906,58.5334,62.2,72,0,3.67
313,Ashoknagar,IN,2022-12-08 02:13:42,24.5667,77.7167,55.27,43,12,5.84
314,Sobolevo,RU,2022-12-08 02:10:26,54.4299,31.8996,25.09,96,100,16.2
315,Kruisfontein,ZA,2022-12-08 02:13:42,-34.0033,24.7314,67.89,78,73,5.57
316,Tuatapere,NZ,2022-12-08 02:13:43,-46.1333,167.6833,66.47,61,100,7.52
317,Fort Nelson,CA,2022-12-08 02:13:43,58.8053,-122.7002,-0.06,84,100,1.99
318,Mareeba,AU,2022-12-08 02:11:06,-17.0,145.4333,90.45,49,8,4.76
319,Romny,UA,2022-12-08 02:13:44,50.751,33.4747,27.63,95,100,11.79
320,Hulubesti,RO,2022-12-08 02:13:44,44.8333,25.2333,44.42,90,100,2.06
321,Turinskaya Sloboda,RU,2022-12-08 02:13:44,57.6232,64.3858,6.12,87,45,8.43
322,Labrea,BR,2022-12-08 02:13:45,-7.2586,-64.7981,73.76,97,100,1.19
323,Divnogorsk,RU,2022-12-08 02:13:45,55.9594,92.3619,7.29,89,100,11.56
324,Puerto Ayacucho,VE,2022-12-08 02:13:46,5.6639,-67.6236,74.93,87,100,4.12
325,Hualmay,PE,2022-12-08 02:13:46,-11.0964,-77.6139,65.88,87,96,7.11
326,Okahandja,NA,2022-12-08 02:13:46,-21.9833,16.9167,60.84,34,0,4.92
327,Sampit,ID,2022-12-08 02:13:47,-2.5333,112.95,86.11,66,100,2.59
328,Sarakhs,IR,2022-12-08 02:14:47,36.5449,61.1577,33.85,66,16,3.27
329,Tual,ID,2022-12-08 02:14:48,-5.6667,132.75,83.43,70,54,7.67
330,Codrington,AU,2022-12-08 02:14:48,-38.2667,141.9667,57.97,50,25,17.4
331,Xam Nua,LA,2022-12-08 02:11:26,20.4197,104.0439,63.75,79,54,2.08
332,Dwarka,IN,2022-12-08 02:14:48,22.2394,68.9678,72.73,57,0,9.13
333,Bandarbeyla,SO,2022-12-08 02:14:49,9.4942,50.8122,75.25,83,41,14.97
334,Seoul,KR,2022-12-08 02:14:49,37.5683,126.9778,40.44,34,36,0.4
335,Bam,IR,2022-12-08 02:14:49,29.106,58.357,48.74,63,41,2.17
336,Tessalit,ML,2022-12-08 02:14:50,20.1986,1.0114,72.46,17,3,11.86
337,Cam Ranh,VN,2022-12-08 02:14:50,11.9214,109.1591,82.36,78,40,10.36
338,Clarksdale,US,2022-12-08 02:14:50,34.2001,-90.5709,67.91,100,100,0.0
339,Lompoc,US,2022-12-08 02:14:51,34.6391,-120.4579,52.79,87,0,1.01
340,Lewistown,US,2022-12-08 02:14:51,40.5992,-77.5714,58.41,72,100,6.91
341,Nenjiang,CN,2022-12-08 02:14:51,49.1833,125.2167,4.66,86,5,5.41
342,Sergeyevka,KZ,2022-12-08 02:14:52,53.88,67.4158,-6.54,98,16,6.4
343,Sao Filipe,CV,2022-12-08 02:10:01,14.8961,-24.4956,74.84,78,21,2.89
344,Kjollefjord,NO,2022-12-08 02:14:52,70.9457,27.3465,37.45,75,100,19.57
345,Imbituba,BR,2022-12-08 02:14:53,-28.24,-48.6703,66.65,88,13,6.24
346,Strezhevoy,RU,2022-12-08 02:14:53,60.7333,77.5889,4.48,89,100,12.55
347,Anori,BR,2022-12-08 02:14:54,-3.7728,-61.6442,78.28,78,81,1.74
348,Hunterville,NZ,2022-12-08 02:14:54,-39.9333,175.5667,70.7,33,95,4.99
349,Hervey Bay,AU,2022-12-08 02:12:23,-25.2986,152.8535,85.01,80,58,8.99
350,Chama,CH,2022-12-08 02:14:54,47.1821,8.4636,36.82,92,100,2.3
351,Vanimo,PG,2022-12-08 02:14:55,-2.6741,141.3028,80.37,81,98,2.37
352,Xining,CN,2022-12-08 02:14:55,36.6167,101.7667,24.24,64,65,1.77
353,Severo-Kurilsk,RU,2022-12-08 02:14:56,50.6789,156.125,28.44,65,78,20.27
354,Varkkallai,IN,2022-12-08 02:14:56,8.7341,76.7067,78.58,84,100,3.96
355,Adrar,MR,2022-12-08 02:11:57,20.5022,-10.0711,77.45,35,49,3.98
356,Mount Gambier,AU,2022-12-08 02:11:39,-37.8333,140.7667,57.45,47,89,11.36
357,Waitati,NZ,2022-12-08 02:14:57,-45.75,170.5667,58.8,70,100,11.81
358,Puerto Narino,CO,2022-12-08 02:14:57,-3.7703,-70.3831,72.28,95,100,2.57
359,Bend,US,2022-12-08 02:10:00,44.0582,-121.3153,31.57,78,0,8.05
360,Marystown,CA,2022-12-08 02:14:58,47.1666,-55.1483,39.27,82,95,12.01
361,Buraydah,SA,2022-12-08 02:14:58,26.326,43.975,58.8,80,1,8.19
362,Husavik,IS,2022-12-08 02:14:58,66.0449,-17.3389,26.22,70,100,8.86
363,Ust-Barguzin,RU,2022-12-08 02:14:59,53.45,108.9833,14.59,86,100,3.0
364,Meulaboh,ID,2022-12-08 02:14:59,4.1363,96.1285,76.93,86,100,1.66
365,Pitimbu,BR,2022-12-08 02:14:59,-7.4706,-34.8086,77.59,77,8,8.75
366,Banjar,ID,2022-12-08 02:12:30,-8.19,114.9675,87.01,61,76,1.88
367,Nishihara,JP,2022-12-08 02:12:25,26.1842,127.7558,74.48,57,40,21.85
368,Baculin,PH,2022-12-08 02:15:00,7.4525,126.5842,82.08,77,100,8.28
369,Half Moon Bay,US,2022-12-08 02:15:00,37.4636,-122.4286,52.79,86,0,3.44
370,Sihora,IN,2022-12-08 02:15:01,23.4833,80.1167,51.13,52,0,2.91
371,Imeni Poliny Osipenko,RU,2022-12-08 02:15:01,52.4201,136.4853,-3.5,79,9,7.05
372,Vila,PT,2022-12-08 02:15:02,42.0304,-8.1588,45.7,81,100,9.1
373,Komsomolskoye,RU,2022-12-08 02:16:02,55.2567,47.5461,2.35,92,11,7.25
374,Lincoln,US,2022-12-08 02:16:02,40.8,-96.667,28.29,76,0,9.22
375,Safranbolu,TR,2022-12-08 02:16:03,41.2508,32.6942,40.23,83,97,2.26
376,Rawson,AR,2022-12-08 02:16:03,-43.3002,-65.1023,72.01,41,100,19.8
377,Morro Bay,US,2022-12-08 02:16:03,35.3658,-120.8499,53.2,87,3,4.27
378,Rosa Zarate,EC,2022-12-08 02:16:04,0.3333,-79.4667,73.62,82,100,2.86
379,Pemba,MZ,2022-12-08 02:16:05,-12.974,40.5178,77.27,84,55,4.14
380,Banda Aceh,ID,2022-12-08 02:16:05,5.5577,95.3222,81.43,73,100,3.09
381,Mayor Pablo Lagerenza,PY,2022-12-08 02:16:06,-19.9309,-60.7718,85.23,49,95,10.16
382,Vestmannaeyjar,IS,2022-12-08 02:16:06,63.4427,-20.2734,33.26,70,33,3.6
383,Yaan,NG,2022-12-08 02:16:07,7.3833,8.5667,74.64,28,100,2.95
384,Piacabucu,BR,2022-12-08 02:16:07,-10.4056,-36.4344,75.9,87,82,7.2
385,Blagoyevo,RU,2022-12-08 02:16:07,63.3667,47.9167,17.4,85,100,8.21
386,Ostrovnoy,RU,2022-12-08 02:11:11,68.0531,39.5131,20.21,92,67,8.25
387,Nador,MA,2022-12-08 02:16:08,35.174,-2.9287,57.45,88,0,2.3
388,Piracuruca,BR,2022-12-08 02:16:09,-3.9281,-41.7092,76.75,81,8,3.09
389,Marmarion,GR,2022-12-08 02:16:09,38.0484,24.3204,58.73,82,52,8.03
390,Bereda,ES,2022-12-08 02:16:10,43.2686,-7.5406,48.42,100,100,3.56
391,Waldoboro,US,2022-12-08 02:16:10,44.0954,-69.3756,53.31,98,100,10.98
392,Aitape,PG,2022-12-08 02:16:11,-3.1374,142.3475,79.3,88,100,4.36
393,Saint-Pierre,RE,2022-12-08 02:16:11,-21.3393,55.4781,74.88,78,100,6.91
394,Cherskiy,RU,2022-12-08 02:16:11,68.75,161.3,-29.11,99,23,4.09
395,Natal,BR,2022-12-08 02:16:12,-5.795,-35.2094,77.65,78,20,20.71
396,Marsh Harbour,BS,2022-12-08 02:16:12,26.5412,-77.0636,74.8,64,0,17.29
397,Staszow,PL,2022-12-08 02:16:13,50.5631,21.1659,38.62,84,99,12.57
398,Veinticinco De Mayo,AR,2022-12-08 02:16:13,-35.4323,-60.1727,72.14,50,76,6.31
399,Sri Aman,MY,2022-12-08 02:16:14,1.2376,111.4621,78.85,94,40,2.3
400,Kolpny,RU,2022-12-08 02:16:14,52.2282,37.0368,18.7,93,100,15.41
401,West Wendover,US,2022-12-08 02:16:14,40.7391,-114.0733,29.41,80,100,3.44
402,Ixtapa,MX,2022-12-08 02:16:15,20.7,-105.2,78.03,89,40,5.75
403,Craigieburn,AU,2022-12-08 02:16:15,-37.6,144.95,60.75,61,40,23.02
404,Huarmey,PE,2022-12-08 02:12:05,-10.0681,-78.1522,65.48,88,97,6.78
405,Muroto,JP,2022-12-08 02:16:16,33.2833,134.15,55.63,55,36,6.06
406,Bafra,TR,2022-12-08 02:16:16,41.5678,35.9069,55.71,61,100,4.9
407,Banepa,NP,2022-12-08 02:16:16,27.6298,85.5214,46.72,87,20,2.3
408,Staryy Nadym,RU,2022-12-08 02:16:17,65.6118,72.6842,6.6,92,100,10.4
409,Gurlan,UZ,2022-12-08 02:16:17,41.8447,60.3919,8.51,63,2,8.72
410,Mae Sot,TH,2022-12-08 02:16:17,16.7167,98.5667,79.43,88,20,0.0
411,Selenduma,RU,2022-12-08 02:16:18,50.9131,106.2406,4.95,89,99,4.18
412,Atkarsk,RU,2022-12-08 02:16:18,51.8718,45.0078,10.24,88,6,11.07
413,Granadilla De Abona,ES,2022-12-08 02:16:18,28.1188,-16.576,65.44,83,40,12.66
414,Synya,RU,2022-12-08 02:16:19,65.3718,58.0387,16.97,95,100,8.08
415,Port Hardy,CA,2022-12-08 02:15:41,50.6996,-127.4199,41.18,87,100,28.77
416,Honiara,SB,2022-12-08 02:16:19,-9.4333,159.95,84.36,75,90,4.05
417,Ust-Nera,RU,2022-12-08 02:16:20,64.5667,143.2,-31.79,97,100,4.16
418,Port-Cartier,CA,2022-12-08 02:12:49,50.0334,-66.8654,35.74,100,100,1.99
419,Stryn,NO,2022-12-08 02:16:20,61.9045,6.7226,29.12,96,100,1.41
420,Nioro,GM,2022-12-08 02:17:21,13.35,-15.75,77.16,44,0,2.39
421,Praia Da Vitoria,PT,2022-12-08 02:17:21,38.7333,-27.0667,59.25,88,75,17.76
422,Chokurdakh,RU,2022-12-08 02:17:22,70.6333,147.9167,-21.17,98,80,6.4
423,San Rafael,AR,2022-12-08 02:17:22,-34.6177,-68.3301,84.27,10,0,15.61
424,Chanute,US,2022-12-08 02:13:15,37.6792,-95.4572,48.31,76,100,3.44
425,Luwuk,ID,2022-12-08 02:17:23,-0.9516,122.7875,85.33,61,85,4.05
426,Varkaus,FI,2022-12-08 02:17:24,62.3153,27.873,21.31,94,100,8.84
427,Gushikawa,JP,2022-12-08 02:17:24,26.3544,127.8686,72.99,56,0,21.85
428,Anadyr,RU,2022-12-08 02:17:25,64.75,177.4833,-5.3,71,0,11.18
429,Talaya,RU,2022-12-08 02:17:25,61.3833,152.75,-26.97,99,90,0.29
430,Athabasca,CA,2022-12-08 02:17:26,54.7169,-113.2854,12.61,97,96,3.58
431,Xai-Xai,MZ,2022-12-08 02:17:26,-25.0519,33.6442,72.59,91,6,6.02
432,Naze,JP,2022-12-08 02:17:26,28.3667,129.4833,67.12,57,72,14.29
433,Pangnirtung,CA,2022-12-08 02:16:15,66.1451,-65.7125,12.97,67,100,8.99
434,Novopavlovka,RU,2022-12-08 02:17:27,51.2172,109.2091,10.24,89,100,9.28
435,Matara,LK,2022-12-08 02:17:27,5.9485,80.5353,77.59,70,100,15.14
436,Kaeo,NZ,2022-12-08 02:17:28,-35.1,173.7833,61.29,91,100,19.77
437,Shubarshi,KZ,2022-12-08 02:17:28,48.5872,57.1869,2.1,92,17,6.26
438,Svetlogorsk,BY,2022-12-08 02:17:28,52.6333,29.7333,32.65,94,100,11.54
439,Morant Bay,JM,2022-12-08 02:17:29,17.8815,-76.4093,80.22,78,19,16.78
440,Saint George,US,2022-12-08 02:16:01,37.1041,-113.5841,41.95,84,0,5.75
441,Carutapera,BR,2022-12-08 02:12:32,-1.195,-46.02,77.4,84,100,4.79
442,Kuryk,KZ,2022-12-08 02:17:29,43.2,51.65,23.36,58,7,13.24
443,Itarema,BR,2022-12-08 02:17:30,-2.9248,-39.9167,79.77,79,68,15.5
444,Muswellbrook,AU,2022-12-08 02:17:30,-32.2667,150.9,78.42,20,5,12.46
445,Kiunga,PG,2022-12-08 02:17:30,-6.1219,141.2906,84.61,70,100,1.32
446,Hudiksvall,SE,2022-12-08 02:17:31,61.729,17.1036,19.06,83,100,3.53
447,Eidsvag,NO,2022-12-08 02:17:31,62.7767,8.0668,36.25,96,100,4.23
448,Porto Santo,PT,2022-12-08 02:17:31,33.072,-16.3415,66.58,68,20,20.71
449,Poum,NC,2022-12-08 02:17:32,-20.2333,164.0167,80.53,77,2,6.11
450,Mao,ES,2022-12-08 02:17:33,39.8885,4.2658,55.96,94,100,3.44
451,Ndende,GA,2022-12-08 02:17:33,-2.4008,11.3581,70.29,99,100,1.34
452,Smithers,CA,2022-12-08 02:17:33,54.7804,-127.1743,30.52,86,100,5.75
453,Weinan,CN,2022-12-08 02:17:34,34.5036,109.5089,46.51,46,99,3.06
454,Vallenar,CL,2022-12-08 02:17:34,-28.5708,-70.7581,70.88,57,100,4.23
455,Zeljezno Polje,BA,2022-12-08 02:17:34,44.4083,17.9319,39.31,96,99,1.12
456,Kaduqli,SD,2022-12-08 02:17:35,11.0167,29.7167,67.71,23,99,10.02
457,Jamsa,FI,2022-12-08 02:17:35,61.8642,25.19,23.72,95,100,8.55
458,Luganville,VU,2022-12-08 02:17:35,-15.5333,167.1667,86.04,66,32,7.58
459,Neutraubling,DE,2022-12-08 02:17:36,48.9833,12.2,35.01,91,98,2.86
460,Quatre Cocos,MU,2022-12-08 02:17:36,-20.2078,57.7625,77.11,82,45,18.86
461,Faanui,PF,2022-12-08 02:17:36,-16.4833,-151.75,80.71,77,100,17.02
462,College,US,2022-12-08 02:17:37,64.8569,-147.8028,21.58,90,100,3.44
463,Gamboma,CG,2022-12-08 02:17:37,-1.8764,15.8644,68.65,95,100,1.05
464,Horsham,GB,2022-12-08 02:17:38,51.064,-0.3272,32.65,90,0,2.3
465,Gejiu,CN,2022-12-08 02:17:38,23.306,103.1635,48.6,88,91,4.23
466,Port Hawkesbury,CA,2022-12-08 02:18:38,45.6169,-61.3485,43.18,98,100,13.0
467,La Ronge,CA,2022-12-08 02:18:39,55.1001,-105.2842,-3.75,71,75,4.61
468,Necochea,AR,2022-12-08 02:18:39,-38.5473,-58.7368,72.12,62,100,8.77
469,Santa Isabel,BR,2022-12-08 02:18:40,-23.3156,-46.2214,69.1,94,97,2.39
470,Mattru,SL,2022-12-08 02:18:40,7.6244,-11.8332,74.59,96,12,2.53
471,Rochegda,RU,2022-12-08 02:18:40,62.8,43.25,16.2,83,90,7.99
472,Bushehr,IR,2022-12-08 02:18:41,28.9684,50.8385,62.69,77,40,4.61
473,Kathu,TH,2022-12-08 02:18:41,7.9178,98.3332,80.42,82,99,14.12
474,La Orilla,MX,2022-12-08 02:18:41,17.9833,-102.2333,76.39,83,8,3.15
475,The Valley,AI,2022-12-08 02:18:42,18.217,-63.0578,78.66,56,0,19.17
476,Unity,CA,2022-12-08 02:18:42,52.4501,-109.1682,1.26,90,27,3.69
477,Pochutla,MX,2022-12-08 02:18:42,15.7432,-96.4661,76.82,77,0,3.22
478,Hokitika,NZ,2022-12-08 02:18:43,-42.7167,170.9667,63.25,64,99,6.53
479,Makokou,GA,2022-12-08 02:18:43,0.5738,12.8642,68.83,97,100,0.94
480,Mackay,AU,2022-12-08 02:15:41,-21.15,149.2,98.69,59,0,16.24
481,Mossendjo,CG,2022-12-08 02:18:44,-2.9506,12.7261,67.26,99,98,1.07
482,Khani,GE,2022-12-08 02:18:44,41.9563,42.9566,36.97,67,93,5.64
483,Nizwa,OM,2022-12-08 02:18:44,22.9333,57.5333,63.1,68,0,1.81
484,Riyadh,SA,2022-12-08 02:16:59,24.6877,46.7219,60.94,93,28,7.58
485,Areia Branca,BR,2022-12-08 02:18:45,-4.9561,-37.1369,79.39,73,83,19.13
486,Montalvo,EC,2022-12-08 02:18:45,-1.8,-79.3333,76.66,71,99,1.36
487,Mildura,AU,2022-12-08 02:18:46,-34.2,142.15,66.07,39,1,16.96
488,Daud Khel,PK,2022-12-08 02:18:46,32.875,71.5701,58.95,36,74,2.84
489,Pointe-Noire,CG,2022-12-08 02:18:47,-4.7761,11.8635,76.75,91,100,4.18
490,Dunedin,NZ,2022-12-08 02:18:47,-45.8742,170.5036,58.8,70,100,8.99
491,Channel-Port Aux Basques,CA,2022-12-08 02:15:41,47.5702,-59.1367,39.78,94,100,22.19
492,Langub,PH,2022-12-08 02:18:48,10.7981,123.5372,80.33,82,100,10.65
493,Istiaia,GR,2022-12-08 02:18:48,38.9558,23.1528,54.54,87,13,3.51
494,Vila Velha,BR,2022-12-08 02:18:48,-20.3297,-40.2925,71.94,97,100,0.0
495,Arnedo,ES,2022-12-08 02:18:49,42.2167,-2.1,44.1,84,90,5.59
496,Buin,CL,2022-12-08 02:18:49,-33.7333,-70.75,76.12,46,0,1.32
497,Wewak,PG,2022-12-08 02:14:58,-3.5534,143.6268,76.39,93,100,0.25
498,Nizhniy Odes,RU,2022-12-08 02:18:50,63.6445,54.856,19.04,95,100,8.75
499,Narsaq,GL,2022-12-08 02:18:50,60.9167,-46.05,21.42,69,67,6.78
500,Emerald,AU,2022-12-08 02:18:50,-23.5333,148.1667,97.34,28,7,14.0
501,Isla Vista,US,2022-12-08 02:18:51,34.4133,-119.861,54.41,81,40,3.44
502,Saint-Francois,FR,2022-12-08 02:15:40,46.4154,3.9054,31.44,100,100,3.44
503,Geraldton,AU,2022-12-08 02:18:51,-28.7667,114.6,75.61,57,100,14.97
504,Paragominas,BR,2022-12-08 02:18:51,-2.9667,-47.4833,74.84,82,65,1.28
505,Fairbanks,US,2022-12-08 02:17:33,64.8378,-147.7164,21.6,90,100,3.44
506,Ilulissat,GL,2022-12-08 02:18:52,69.2167,-51.1,33.82,64,100,18.41
507,Ponta Do Sol,PT,2022-12-08 02:18:52,32.6667,-17.1,65.71,83,80,16.35
508,Victor Harbor,AU,2022-12-08 02:18:53,-35.5667,138.6167,61.0,63,90,12.57
509,Kotelnikovo,RU,2022-12-08 02:18:53,47.6317,43.1461,19.18,89,40,16.64
510,Ceres,US,2022-12-08 02:17:31,37.5949,-120.9577,51.57,76,0,0.0
511,Oranjestad,AW,2022-12-08 02:16:57,12.524,-70.027,77.92,81,4,3.0
512,Moerai,PF,2022-12-08 02:19:54,-22.4333,-151.3333,78.22,84,100,15.97
513,Baherden,TM,2022-12-08 02:16:09,38.4362,57.4316,34.56,52,100,6.82
514,Masakin,TN,2022-12-08 02:19:54,35.7292,10.5808,55.6,94,11,4.61
515,Aksarka,RU,2022-12-08 02:19:55,66.5606,67.7975,10.47,85,100,14.25
516,Iralaya,HN,2022-12-08 02:19:55,15.0,-83.2333,76.41,83,0,11.68
517,Novyy Urengoy,RU,2022-12-08 02:19:55,66.0833,76.6333,8.87,95,100,9.33
518,Qinhuangdao,CN,2022-12-08 02:19:56,39.9317,119.5883,39.06,30,92,3.58
519,Flin Flon,CA,2022-12-08 02:19:56,54.7682,-101.865,-4.83,98,100,4.18
520,Gat,IL,2022-12-08 02:19:56,31.61,34.7642,57.4,86,0,2.08
521,Vredendal,ZA,2022-12-08 02:19:57,-31.6683,18.5012,56.66,92,0,2.28
522,Valley City,US,2022-12-08 02:16:42,46.9233,-98.0032,-3.48,77,0,8.05
523,Oga,IT,2022-12-08 02:19:57,46.4631,10.347,22.03,98,66,3.6
524,Camacha,PT,2022-12-08 02:19:58,33.0833,-16.3333,63.82,68,20,20.71
525,Malinyi,TZ,2022-12-08 02:19:58,-8.9333,36.1333,73.02,81,13,3.29
526,Araouane,ML,2022-12-08 02:19:58,18.9048,-3.5265,74.95,17,73,6.76
527,Karpathos,GR,2022-12-08 02:19:59,35.507,27.2132,64.36,72,41,12.66
528,Trapani,IT,2022-12-08 02:17:27,37.8333,12.6667,56.89,87,0,5.75
529,Lorengau,PG,2022-12-08 02:18:59,-2.0226,147.2712,80.58,79,96,11.39
530,Nuuk,GL,2022-12-08 02:18:48,64.1835,-51.7216,27.64,82,98,7.61
531,Soure,BR,2022-12-08 02:19:37,-0.7167,-48.5233,79.39,83,77,7.9
532,Shipitsyno,RU,2022-12-08 02:20:00,61.2806,46.5208,17.83,69,100,9.98
533,Cabo San Lucas,MX,2022-12-08 02:19:33,22.8909,-109.9124,77.5,82,0,0.0
534,Morki,RU,2022-12-08 02:20:00,56.4303,48.9947,1.11,94,24,5.59
535,Cayenne,GF,2022-12-08 02:20:00,4.9333,-52.3333,77.04,88,0,2.3
536,Ossora,RU,2022-12-08 02:20:01,59.2353,163.0719,15.28,81,100,4.27
537,Uige,AO,2022-12-08 02:20:01,-7.6087,15.0613,65.95,100,100,1.59
538,Concordia,AR,2022-12-08 02:15:24,-31.393,-58.0209,84.78,45,100,10.0
539,Lebanon,US,2022-12-08 02:20:02,36.2081,-86.2911,63.64,95,100,4.61
540,Cibinong,ID,2022-12-08 02:20:02,-6.4817,106.8542,80.94,82,100,2.53
541,Arlit,NE,2022-12-08 02:20:03,18.7369,7.3853,68.13,15,0,3.83
542,Glendive,US,2022-12-08 02:20:03,47.1053,-104.7125,13.17,84,0,10.36
543,Inhambane,MZ,2022-12-08 02:20:03,-23.865,35.3833,75.85,85,23,5.14
544,Abu Dhabi,AE,2022-12-08 02:19:16,24.4667,54.3667,73.42,79,0,3.44
545,Kudahuvadhoo,MV,2022-12-08 02:20:04,2.6708,72.8944,81.3,80,100,13.96
546,Ayan,RU,2022-12-08 02:20:04,56.45,138.1667,0.41,67,55,4.16
547,Manukan,PH,2022-12-08 02:20:05,8.5333,123.1,87.1,74,100,10.25
548,Zyryanka,RU,2022-12-08 02:20:05,65.75,150.85,-39.59,92,15,7.92
549,Pimentel,PE,2022-12-08 02:20:06,-6.8367,-79.9342,64.56,84,77,12.66
550,Harper,LR,2022-12-08 02:20:06,4.375,-7.7169,77.54,87,30,5.39
551,Potsdam,DE,2022-12-08 02:20:06,52.3989,13.0657,35.11,98,100,5.99
552,Santiago,CL,2022-12-08 02:15:47,-33.4569,-70.6483,75.25,37,0,9.22
553,Providencia,MX,2022-12-08 02:20:07,28.7167,-111.5833,67.21,41,0,9.62
554,Daru,PG,2022-12-08 02:20:07,-9.0763,143.2092,85.5,67,99,7.7
555,Namibe,AO,2022-12-08 02:20:08,-15.1961,12.1522,67.71,80,9,4.43
556,Boli,CN,2022-12-08 02:20:08,45.7667,130.5167,18.95,47,1,8.19
557,Sandviken,SE,2022-12-08 02:20:08,60.6167,16.7667,12.78,92,100,2.42
558,Sribne,UA,2022-12-08 02:20:09,50.6638,32.9187,28.35,97,100,10.31
559,Stepnyak,KZ,2022-12-08 02:21:09,52.8339,70.7803,-11.29,88,12,3.4
560,Baybay,PH,2022-12-08 02:21:10,10.6833,124.8333,80.56,79,99,2.75
561,Tambo,PE,2022-12-08 02:21:10,-14.8,-73.9167,37.74,75,99,0.96
562,Suntar,RU,2022-12-08 02:21:10,62.1444,117.6319,-14.48,96,100,5.06
563,San Vicente,AR,2022-12-08 02:21:11,-26.6167,-54.1333,75.72,67,93,2.77
564,Isla Mujeres,MX,2022-12-08 02:18:17,21.2311,-86.731,78.85,68,1,13.91
565,Pokhara,NP,2022-12-08 02:21:11,28.2333,83.9833,57.65,37,0,3.94
566,Nang Rong,TH,2022-12-08 02:21:12,14.6377,102.7914,73.99,75,57,9.53
567,Mutis,CO,2022-12-08 02:21:12,6.2262,-77.4044,75.97,88,11,4.25
568,Citta Di Castello,IT,2022-12-08 02:21:12,43.4691,12.2305,49.26,77,100,2.26
569,Gladstone,AU,2022-12-08 02:21:13,-23.85,151.25,94.78,43,10,10.36
570,Porto Nacional,BR,2022-12-08 02:21:13,-10.7081,-48.4172,78.8,79,64,1.79
